	b1Bleach1	b1Bleach2	b1Bleach3	b1Filtrate1	b1Filtrate2	b1Filtrate3	b1Retentate1	b1Retentate2	b1Retentate3
41d3b50265d542973e5d5ddba9a6d879	0	0	0	0	0	0	0	0	31
27e16af2b0096cb2b563b1e4b8fa0fe7	0	34	0	0	0	0	0	0	0
49fc41d6d2d9b9682cd3acaed49354c0	0	0	0	0	128	16	69	57	175
4f125bfb75b79700f21c5bef291334d0	58	0	36	0	0	0	0	0	0
517b46a57505ac5bfb80b29cb1580ea2	0	0	13	0	0	0	0	0	0
7e35de4c47d7a39212faf5ee00e51b9d	0	0	0	0	590	151	29	32	45
48d67beed258ec582dde196233fbfb39	0	16	26	0	0	0	0	10	0
3e4dbc68b7d2b977e16f6385711f74d8	0	0	0	0	0	0	34	40	6
27fbbd330e5251cd628201f6391c12a5	0	0	26	0	0	0	0	0	0
7572173b454c6aa8b1d7cc0b13e63865	0	0	0	0	30	0	0	0	133
512f87e351776cb396a6b82c412c2e30	0	0	0	0	0	0	0	5	0
5638ec4de4d4ea73f9585bbdab7cfad6	0	0	0	0	34	12	15	14	0
92983525de075827a3090f998ca2cfd2	0	0	0	0	0	0	0	2	0
bb53676dd6e6c2823387f87f20ea52e3	0	0	0	0	0	0	29	1	9
d8f6dfa6c688a167727a48e509c4b968	0	0	9	0	0	0	0	0	0
29e46e58fb0f3266074aa67229689c51	0	0	11	0	0	0	0	0	0
c62108c5b06ce895ce811d8018db4cef	0	0	0	0	8	0	0	0	0
a8b0c43a97beba8cacc5ac1cc9ddf535	0	0	0	15	6593	1908	438	422	309
f6b4bcf2631b590cd73cea6a64d07254	226	0	70	148	0	0	0	0	15
3fbfe49c7810378593d5c488e9c8bb6b	0	0	0	0	3682	988	133	163	133
6d74940ef9190fccf501134156ac7f98	0	0	0	0	0	0	8	0	0
962ddc66edda3b1b229d818c1c732b19	50	0	74	0	0	0	0	0	0
74fb31a67c27e79ae7343419adcbecf0	0	0	0	0	43	8	509	478	472
aa1938cb19a5bce1eaf209a30dadbb93	0	0	40	0	0	0	0	0	0
51ac645db6aeccfcc8c1885eae9a12ea	0	20	0	0	0	0	0	0	0
f6740eba1f4ca894ce794c0ec29ff1a1	0	0	0	0	0	0	566	494	77
3d3f56d15a22daca4a7ec3841a19234c	16	0	0	148	0	0	0	0	0
8f87771ef03a96ee777a383943512899	0	59	21	0	0	0	0	18	0
7f2eb7d495e43e3965b9124f987b3404	33	0	198	0	0	0	5	12	0
2ba7c21b51af29b95934ef7325f080ab	0	0	0	0	0	0	40	22	23
a0784c9306292fa2237694b1762e077c	0	0	0	0	0	0	0	0	18
62bb26499420b040ce905af739b757f9	57	175	117	0	30	0	0	20	17
888de4079739f283d404fa34eced662c	0	0	17	0	0	0	0	0	0
79fea7073a32159fbf592c02ee449582	219	271	1048	0	11	0	0	217	56
b0fc3b9d9e967ac49ff7e0e6a36b6040	0	0	0	0	107	35	1690	1397	1074
63ea22bf19d0c5ea88c5d4c2ba38f511	0	0	40	0	0	0	0	0	0
2d585c428a3477010ae724b1b4e6576f	0	0	0	0	0	0	4	0	0
892aba51a90c42c52ce7a41e5e9b60f7	0	0	0	220	0	0	0	0	0
d73ac03427201aa660bb14a84f053043	0	0	0	0	0	0	0	8	0
0443c84d66dec6d5980b25c02f647807	0	0	0	0	0	0	0	0	6
5251c2fe8684c7fc9e3dac4d33f3cb44	0	0	12	0	0	0	0	0	0
1a2b71d5855538d702af14da5fa72d2a	0	0	41	0	0	0	0	0	0
6541c8195b9a827da2871375b9eec820	0	0	0	0	13	4	195	275	87
a43cc15d35c5f4cf5db945c8b532c680	39	23	64	146	0	0	0	0	0
4bba628dfc3ca5d5ef180395ef3ffd84	30	346	127	0	0	0	10	19	15
d506c43c84f7ec0c561c0a425e99fa83	28	0	118	0	396	109	5247	4186	8488
f3f3bf433a74838733ab602364a5edf8	0	0	0	0	146	0	96	22	935
cbe550b1020baab458a996605ab327a3	0	80	44	0	0	0	0	0	0
8288064861895204c870e09e92cc44c5	0	0	0	0	14	0	1162	906	664
8eaa509da5f4e4dedbf62a4dee5536b7	0	0	0	0	0	0	21	0	0
36d5135100aebdfd280b663d4f8b528d	0	0	0	0	0	0	0	0	31
48707f7b2cd5f3f72f80a08d6a98d7f7	74	30	42	0	0	0	0	0	0
52d8cd45be6c2013c8eca2adb52fa418	0	21	0	0	0	0	0	0	0
c2709a3029631383b70c508b9132efce	0	0	0	0	0	0	0	0	268
3a923ceadde4506328d0e352a3027a75	0	0	0	0	69	41	134	116	111
affa14418b431f3b3dd87497c7f74d56	0	40	0	0	0	0	0	0	0
7fe77472482b3a550b77188e1c68c155	0	19	0	107	0	0	0	0	0
0c38f608cba8193d457627b5739a6077	21	34	75	0	0	0	0	0	0
6d0a18123e6bd52bda837536f6d746b1	0	0	0	16	7485	2612	118	238	240
ebaec060534d66d0784ce646794a1cf5	0	0	0	0	18	9	24	50	0
5726619608b84ee3018c815204cdff7a	51	20	0	445	8120	1065	16151	32553	10773
116c5d943443363b52fe8000026dd331	0	0	0	0	6	0	0	0	35
ac3157af1e921ae067030f47ae86ceb8	0	0	0	0	33	7	77	85	72
b92bbffadab17cf7172e153b51acb741	0	0	12	0	0	0	0	0	0
56e8b6a71df2dd6622c4e196bc23b217	0	9	0	0	0	0	0	0	0
2758ee0d74e8ff10a09a85b7b842788e	0	0	0	0	0	0	0	0	1
96180f10e41dd13129ccdc7bba2de6c1	0	0	0	46	14339	7612	316	522	1796
be075a67e7e16bfebbcacc95094fc09c	39	0	0	0	0	0	0	0	0
1a9748b0e9b6b5e2f2b76a01d75a4c1d	0	0	0	0	8	0	0	0	0
9d265638e0d929ec91df95c7917f8709	16	16	0	0	73	20	2622	2479	2270
aa676d7d0f0eb7f594c6ad97a2f16cce	0	0	0	0	0	0	0	10	0
8dcda56fb79df16c4995bc5b5ce6053a	0	0	79	0	0	0	0	0	0
56026dcc2074b0e2d14a128ffeafa106	0	0	0	0	25	12	0	0	69
613a6844484c3b2f90d38399d2698624	213	0	83	0	0	0	8	11	17
e3f80982c540fa3b4a7026ec724d4fe3	0	0	0	0	1	0	0	0	0
ec0844ea9b4d2f241f8e91f5cc0643cd	0	11	0	0	0	0	0	0	0
d79fad8bbf9d312b5680d223f825aa1a	0	0	0	0	0	0	0	18	0
fee96b15c8776fa2261f95c287c6d472	0	0	0	0	0	0	0	0	38
023bc360f0f48b25606190b1ebca5fa3	0	0	105	0	0	0	10	12	2
387a25b09a6471722afd0ea61206447f	30	96	0	0	10	0	0	0	43
2c9bb3779d44e697f40fdb70a7034d6a	0	0	16	0	19	0	608	431	346
8a45e0b7d52715cbb937eaa0aaebd098	0	10	21	0	0	0	0	0	0
a6c9466d1c2f2791da01b1a3ed7eb2b7	0	0	0	0	0	0	0	0	6
35c993e68935e76dee929efb18462671	0	0	0	0	0	0	0	0	5
f635a66b208e94200b02dabb643f0e0b	0	0	0	0	74	19	310	259	69
6b0bd2020c2dd5c4ef8c733c9f81be1c	0	0	25	0	0	0	0	0	0
37693fc4da7177d96a9cd741d266f179	0	0	0	0	360	72	24281	19505	18361
77a7828ec228150e049f8281f739eeec	0	0	0	0	0	0	0	0	41
5014bbc763e99bf874e2041a66e4ccaa	0	11	0	0	0	0	0	0	0
4cc4baa7a4f25b9b6a72aa0a9dd41a68	0	0	35	0	0	0	0	0	0
bc68f3488fa9d625af38851ba8f51ebd	0	0	0	0	0	0	302	240	107
b5aa69734e3ea9fe7bc1ceeda46307c5	0	0	35	0	0	0	0	3	5
3e8704e0d0aa3d463ccb549a882d9d99	0	12	0	0	0	0	0	0	0
373d63f1aef91b8dd127d0a57d6d231d	182	301	147	0	50	0	12	49	246
3508429a57d12c4c2fadb39ef3267223	111	83	57	0	0	0	0	15	0
cd6333bf7e6401ffc0f87a239dd8935f	11	0	0	0	0	0	0	0	0
6a5513b494d307e1c4276ff4a6da1d8b	81	13	88	0	0	0	0	0	0
284fdf2bd0470394cb34f8b7e7c0ac91	0	0	91	0	0	0	0	0	0
109a82095490d1e67a023e473591d872	0	0	0	0	16	0	789	552	585
a8adcc17ca6998eb77222f953b625846	0	0	0	0	0	0	13	21	0
03194df1d290a60da9ebbafb22029479	0	0	0	0	0	0	19	9	0
cc6033ab364ae2a9ea0f956815009914	0	0	0	0	10	0	9	0	52
a277687773172a914062324a3edc658d	16	0	0	0	0	0	0	0	0
0b628f76c19382d32a9a40cc14e96426	0	15	0	147	0	0	0	0	0
a3160b01d9b88c4be339a6794e3aa0f8	0	38	0	0	0	0	0	0	0
c83e1ad1aba0effcc92744732fd3e3da	0	0	19	0	0	0	0	5	0
96e95b1a99117e96f04a603877d1f614	0	0	0	324	31114	9834	975	1442	1041
8ec5fa5c2a043bb19fdd5d8fe4c70302	0	0	0	0	0	0	0	0	2
8dc0fe3f961afaef6657dcd4383a6a78	0	11	0	0	0	0	0	0	0
98a67975fa0ba71cb70c0246a092fc0b	0	0	0	0	9	0	566	451	70
f53696916b7662759202972237cd8710	34	0	0	0	0	0	0	0	0
a5fc35282f66ee7bad37274f8f587fd3	0	10	0	0	0	0	0	0	0
23f2c60db4b8eee25aa2cd690f98979b	0	0	0	0	15	0	0	0	44
5f86aca4aa29cef14c4184c2c34397b9	21	0	0	0	0	0	0	0	0
d6addfb88b80b434e62f7242aaf525a1	0	0	0	0	0	0	0	0	107
86418e3c3cd8da71c12b3a025d6e82a7	0	0	0	0	0	0	4	0	8
4447a4eec9c39dedc532ef98d769f704	6	0	0	0	0	0	0	0	0
114abd439f03e1bf2ca90784f9c9237e	0	0	0	0	0	0	0	3	0
2a8952998f52f8fe389a58e6ff1d4fc1	0	0	0	253	0	0	0	0	0
04e37a6798d328284f3fad39a74c6df4	12	0	0	0	0	0	0	0	0
e233c324055b1ddef104c19d883a87e1	0	0	0	0	18	0	1016	994	164
5241b211e5809161832c1c8f4ae63c84	0	19	24	0	0	0	0	0	0
06ffb21a1146c25b621a0300f6143964	0	0	0	0	12	0	5	0	52
3abccc41ece9f481a2701bd3686f1f3b	0	0	51	0	0	0	0	0	0
df2239e6df0f03cb0a8f1cf49e608d43	0	0	0	0	0	0	0	3	0
ad496371f4d521a7cba1b76a137c2512	0	34	82	0	0	0	0	0	0
a532655ad529fcfbf83b0c2a00b22530	85	377	367	139	0	0	0	37	17
8c772f02fe35b35160aafabc2b23ded9	0	0	0	0	0	0	0	5	0
024aacce9be888d2911c9be16e5f7a6f	0	0	0	0	0	0	0	0	2
811a836a17851c862cd4f199292399ba	0	0	23	0	0	0	0	0	0
c7b5f5949c7f155e5947be9c4081e6eb	0	0	24	0	0	0	0	0	0
77cd18f21765bf8edab2287e1498809f	54	0	0	0	0	0	0	0	0
8dfd8c08002831fc76484bbb45909035	0	0	0	0	1748	418	114	133	165
c31fb564f22ba3e61e82cdab69d35349	0	0	0	0	9237	3271	489	1057	1332
6010c7e8b2b93455d870f882ffddac07	0	0	0	0	5650	1820	868	1100	504
088bade085f88e1012ff4458a2b3d42d	16	0	9	0	0	0	0	0	0
3f4cbfbee25e7e04505f1985ce136ef2	0	0	0	0	0	0	0	3	0
b58e36ed2f6efe3dec7c80424ba3aa1d	24	0	0	0	0	0	0	0	0
1e675868c1586a74ef13f9b42de71d94	0	0	13	0	0	0	0	0	0
324499b03d46622141270fc634500ef1	572	356	1281	0	20	14	36	86	88
2eaa6cb37bc81d721ca33752bbdc2432	0	0	0	0	23	0	17	0	97
cf63179f6eb172dc94cdfa2cb3a780c1	17	0	0	0	0	0	0	0	0
0ca1c43055c9b29493d5287fcb68a953	0	0	0	0	7	0	56	40	84
d73eba64d439233fc113bbdcc0cf2515	84	2995	1844	0	15	0	0	190	24
c45db55927c575695ebf7692495d0ec4	282	174	327	2083	11	2	9	10	20
8402687536a2b16b84ed72fbc63b9988	79	29	63	0	0	0	0	0	0
00f25bed10b590ac065a0a03a21142ec	0	0	0	0	0	0	0	17	0
aa3453d0f9643435f5d28b040ec3e117	0	0	0	0	0	0	0	0	25
80c56663de21f622e4c938b683efe60b	50	0	52	0	0	0	0	0	0
1f055be706628a74e9f9e48d1c91b62b	20	0	42	0	0	0	0	0	0
8b5dc3b181f3f3dcdfa82da2d3a36a82	0	0	8	0	0	0	0	0	0
4b361328362187177c04b3d3bf5f6c9e	12	0	0	0	0	0	0	0	0
451a9e9b879e836601850fe0340ca3d6	0	0	0	0	180	0	85	0	746
9b8a4d42b7f08de1c4c8fe9ad59c1047	6	0	0	0	0	0	0	0	0
05f7f6c23ec7cebe6758a469a03ca2da	0	0	0	0	2	0	0	0	0
5cf990527d1112ded4623b896d0c8a13	0	0	0	0	124	56	387	241	208
ecc9286181730048ef8bb6b61c034c74	0	0	0	0	23	0	11	5	37
c5ca791fa9331edd54315f556bdf3691	0	0	0	0	0	0	0	0	15
cf982c5cc5d9746201c95519f9ceac96	3	0	0	0	0	0	0	0	0
1d93ace89ab34731b67a1d49aa6610b8	0	0	0	0	1	0	0	0	0
a3237d7dad0fa1d5c1d03a88c6480884	0	0	0	472	18015	7386	1311	1798	1065
14765764fca1aca68c6856ecfff84daf	0	0	89	0	0	0	0	21	0
66a1d8c55a160444d02fc2088501d8d9	55	41	61	0	0	0	0	0	0
ff9271d0b1e83e974d082be1940f462c	0	0	0	0	0	0	0	0	18
036c25714c3a550c732bb3fb065c2637	185	0	0	0	0	0	0	0	22
5662e8e49049fbb2dcc9a2e4fffd6920	48	0	0	0	0	0	0	0	0
2faa26b1a1f113e909cee7622ffcc5d2	0	0	0	0	0	0	12	0	0
d46f7f5bd2541806d2f2487c4574db37	87	106	0	0	28	0	0	8	12
4ed95b1bff9a9d58cf5418f5a81255cf	0	0	0	0	0	0	0	0	31
b322430d32964488d04e33a460ec881b	11	0	22	0	14	0	41	23	15
7eb2bc98c0e2abf1ca012b20323500e9	0	0	29	0	0	0	0	4	0
007861cf4357c84116e647b68ab1bf30	427	0	150	0	0	0	0	0	0
9b76ec08162c5cc6ff9f43e823de6211	0	0	0	0	0	0	0	0	84
1fd86527b003414b1ebd363abeee526b	0	0	0	0	0	0	0	0	5
6a32be47835e174c6854b8307018c78a	0	19	51	0	0	0	0	0	0
9d71702957799a662ae2f7545bc2abfc	14743	13007	6155	1177	2380	41	289	1297	1722
6b7e8202734dbdb49175ac49c83fb567	196	73	257	0	0	0	9	0	27
baf659375493c7790bcab986144425ea	0	14	0	0	0	0	0	0	0
1ef64c98fd6eea0d4bb74401e990499e	12	8	0	0	0	0	0	5	0
4b9e90e95af1f659c5c844336294c895	0	0	0	0	0	0	0	0	15
feac5c14a7366972f05fffbe8a62dbc1	0	0	16	0	0	0	0	0	0
f8a334f83071cc0faf9939dbd2ade44d	0	0	0	0	127	8	134	35	839
f9a8ec361e8d29696743ba0d8d946afc	0	0	13	0	0	0	0	0	0
75fbbb41d2fe2c14a19232892183c426	0	19	19	0	0	0	0	0	0
beb30f30d41aacfbb00c7d544efc19f9	0	14	23	0	0	0	0	0	0
ad98307988997f6cd3ef4f41e379a99c	0	0	10	0	0	0	16	0	16
23c65be9381ebd1660fd3dca2c6985f6	0	0	0	0	0	0	0	0	167
9285995242128a7e39e7f80718cb9a83	0	27	9	2	0	0	0	0	0
df14e6aa1053d76aa94f047abf7ac128	0	0	0	0	4	0	0	0	42
fa4b447f42264074c3514e70f0dfe214	0	0	0	0	0	6	0	0	0
b6a7348c601745ee20d78d31ff026726	0	0	0	0	0	0	416	291	280
b1d54ccb4f349b1ecab70a9f2223cc2c	0	0	0	0	0	0	0	8	0
db1e1b4b423bdcfd6a3af554b003734e	24	0	0	0	0	0	0	0	0
c0a81085e84922904f4f252de24a4eb9	0	16	0	0	0	0	0	0	0
fa9b338411758b014e3eb5b1bd1848a9	26	0	0	0	0	0	0	0	0
e6adc86b0ce6d014fd258412ef2eae77	0	18	0	0	0	0	5	0	0
44adc250d9521659604c6924d6076467	0	0	0	0	0	0	0	0	11
87c6f65b32837af7e2c66efdc0ab2e7b	0	0	0	0	0	0	4	0	0
f03c2b674cf1f32a5df83bc9bad17797	0	0	0	0	0	0	0	0	12
1dad9c2d7e2829d7b4261b1b0e580cae	0	14	0	0	0	0	0	0	0
7d77b7975c0fdeaaee9e12c9dc888c7f	0	0	10	0	0	0	0	0	0
431b0f290e6ad1620020a2febed719e4	0	0	19	0	0	0	0	0	0
27f1032e4708b3640f7ba1577d504176	0	7	0	0	0	0	0	0	0
34073696f38ddd18e5c7c8318b4315bb	0	0	0	0	4	0	8	14	7
528ce41b79765564add2c3331f7189c2	0	22	0	147	0	0	0	0	0
14b91f43dd520f279fe597d8fca7656a	0	0	0	0	4	0	0	0	34
6ba64980d5b7d1e1ab146d04ec1764d9	0	0	17	0	0	0	0	0	0
051e6f002c01b9a4a91ea9a26ed3bdd5	121	227	20	0	27	0	0	27	38
ae8a6381f4e78d50e3fad0e2faad8ea0	78	43	117	0	13	9	0	15	9
04fd4bd5e271052cbc3452564c7fbc76	0	0	37	0	0	0	0	21	18
c49998db51753ec610d8ec4e95efe914	0	0	0	0	0	0	0	0	8
f5b043bebb60f302bdf46ef2216a9a5d	0	0	0	0	601	61	5615	6715	5913
8724f5e451731739ad47d0d00a32f216	0	0	0	136	0	0	0	0	0
14a6071fc47ec11478266bc86e119c0b	0	0	18	0	0	0	0	0	0
5767d3b7b70e45731f7a7a51bde36dcc	0	0	0	0	190	0	0	0	0
9f49f28ccf18f75c59c871609e4cf1dc	0	0	0	241	5184	1460	157	266	621
6b6fa023d539a581408b32664dbced0f	9	0	0	0	0	0	0	0	0
7c7f22b7a90914e7f2bc9be39100fd1d	0	0	31	0	0	0	0	0	0
35b8a25c59657a103c7db000a37ce14c	0	9	0	0	0	0	0	0	0
b14ddcbf34bd4d9d6459576f829b20b2	31	0	0	0	0	0	0	0	0
acbb322f7e3b482f12ec7f75bff567c6	0	0	0	0	0	0	0	0	33
8b82d05d7b9fd6f03772137c5e0854df	0	0	15	0	0	0	0	0	0
7332af286eb20a1110f3b1ec39cce1d0	0	16	0	0	0	0	0	0	0
dd5a59afc2cff7f8e78604872e07bcab	0	0	0	0	0	0	4	0	9
996bf382bc0edb720821e46deb8db1a1	0	140	69	0	0	0	0	0	14
a799b6347eed328bc2413d8df13381a5	123	117	288	0	0	0	17	12	22
f5b312cdd8857d4ca022de5cf3c39cce	0	0	0	0	190	28	71	87	140
4dfb9be11f244c8b6554fd514fea6b20	0	0	0	0	0	0	0	0	7
935f8c963287c15b565ff9211326e59a	0	0	0	0	0	0	2	0	0
4af1be2916c45a28616409e12afe0c00	0	0	0	0	12	0	13	0	77
3212476c28e91858b27ad05c4ca4d1b8	0	0	27	0	0	0	0	0	565
1e08896cc0236fcda5a2cc606ea7d717	0	0	0	0	23	6	648	565	129
e9a4e9a7a90d08955ef4b73d20459590	0	0	15	0	0	0	0	0	0
b795f2a86a9995ec9228faeab179c415	141	48	308	0	0	0	0	29	17
ab16548aa6887db45c3b0c3c970c88ba	241	36	17	0	0	0	36	21	23
72b534e7f9aee17f9ef904f3abfd8e46	0	0	0	0	10	0	0	0	0
74319de4ab6bdd3e05b75013943319bb	0	0	17	0	0	0	0	0	0
dc9998becbacf910e2ecfbca5ad4b347	0	0	0	0	0	0	15	16	10
bdbab1c5da6f8b98da38c5da8d7e270d	24	0	0	0	0	0	0	0	0
3ec792962f2e7f56f412817cbcf45113	0	0	0	0	14	12	198	165	172
51c8ee740deadef097e152b12cbfdafa	0	0	0	0	16	0	87	46	375
cc7301e00f11b339efcfae5ba7aa2142	0	0	0	0	0	0	0	0	28
cad4ac070aa838c79e2775924563b62c	0	0	14	0	0	0	0	20	0
c4dd09383c85c8df21ddf889c015ed8f	0	0	17	0	0	0	0	0	0
d281f493228a6ab4facf8012f482b41f	202	14	196	299	3	0	0	0	10
15af5076ada928d1c1367a24564f0060	0	0	0	0	0	0	0	0	15
406687e04f15221199f0e32e6b5cbe76	0	0	0	0	0	0	0	0	27
276a89bf353c5f6d1b4027519b71a8e7	0	0	0	0	0	0	0	0	4
e7a40a6b3a4b011c7451d1363cb568c8	0	0	0	0	8	0	0	13	0
6284c5146b6f7b4466493dc20c9c6d21	0	22	0	0	0	0	0	0	0
4cbafeef425d5ab69d3fe743546340bf	0	0	0	0	0	0	0	0	11
e1cf2a6d345bd7aa410f62fa75b8c115	0	10	0	0	0	0	0	0	0
cf3882e28b59cec1cac3d0ee62995f7d	0	0	0	0	0	0	0	5	1
474b6d11b1d95f9351e86821e8ca2792	0	0	31	0	0	0	0	0	0
440d96ee2fc59d557b6a72c48f503016	0	0	0	0	49	2	30	9	2
4abb828b722c06cb12c764a081a69c1d	19	0	44	0	0	0	0	0	0
561db51c802b8e201b70742658a553ea	0	0	65	0	0	0	0	0	2134
7fb6c047c3624aaed46e406b1983ddd0	0	0	0	0	165	0	102	9	801
97ee7e1520008c8421c4e8b8e8021dc1	0	0	20	0	0	0	0	0	0
029494b31a26e5a405bfc6a25703b482	0	0	0	256	0	0	0	0	0
e826ae416366d813501605881b72e041	0	0	25	0	0	0	0	0	0
dc3c721afc493896da9f0f921329568a	0	0	0	0	0	0	0	0	14
dcaefdcb8b4ffc2a44d7271e2e5ac6e0	0	0	0	0	234	46	28	31	57
59b04afd27b41d120344bdd284ec4b00	0	0	48	0	0	0	0	0	0
463bab717dff048954f80025f63ae272	0	0	0	0	0	0	0	0	8
108551344514b94c31ce38aa4bb8ecd5	0	0	0	0	0	0	396	322	459
3167d7651a7ee05a60069d4b943b6e92	0	0	25	0	0	0	0	0	0
1fec16f605a3f8bb54b69d4727ce2089	0	41	0	0	11	0	148	102	80
acd191a5f307d0579b3126166f102435	135	112	52	328	0	0	7	0	0
71c895520e0b8cbc619040c2a49005e6	23	0	0	0	0	0	0	0	0
2e371beb95bfbb6eb92ccd5987360ca4	0	0	79	0	21	10	156	83	113
e0a6486b1f8ef98b0f6e1f434e929950	0	7	0	0	0	0	0	0	0
9a81182ff126c816d27b74e45c93ee17	0	0	0	0	0	0	0	6	0
39b4b6a1fb67502036692304c6b9cad7	0	0	0	0	14	0	11	7	82
3db5f456874d0853c2d907762d338b01	0	58	0	0	0	0	0	0	5
92be37add0f9f5d3ddeca358dd4209e4	0	6	0	0	0	0	0	0	0
3f34a0832716e647ce94b79389be1d6e	0	0	0	0	0	0	0	3	0
2fddc61798c3c1cc29dc8d7e53bbc6ab	70	11	0	0	5	0	0	0	0
714a24133711182b0b2fa57eadb5fa9f	38	12	0	0	701	287	25198	29175	29076
3dac23b6a271a1250ba3f168889f69ee	0	33	0	0	0	0	0	0	0
8ca144199ad655306c14ba1724093bf3	0	8	0	145	0	0	0	0	0
dcc9c5e45319d62b677c97e0437ce4db	0	0	17	0	0	0	0	0	0
2a624b98968c7e4bcee6765791143be6	85	162	20	0	30	0	0	40	168
82c194bbb5bf9137d2fdd5b6f0ddd956	0	0	0	0	30	12	11	23	0
81954786ea793a79b3a7f7feabc26105	19	0	0	0	0	0	0	0	0
26a930ff8d7ae487ae9b3beaf07b53ca	39	26	100	0	0	0	0	9	0
285551323b9651448805adf804ab162b	56	86	84	0	27	0	0	17	18
ba064f4886de1cd64ee5bf2b0c977e36	0	0	0	0	217	0	168	0	6486
60153c59b79cdfdcf925509f2536328c	58	65	21	34	11	0	0	9	4
5e1680bd0acf5fa5c245f218c823a437	0	52	0	0	0	0	0	0	0
f22d44c089cd14fc6e863f62a63bd69f	0	0	13	0	0	0	0	0	0
d89e1372ca866afe210af24ff07e58e7	0	0	0	0	0	0	0	0	6
8aec1144dbab18329da7f84ae4763ac3	14	0	0	0	8	0	8	0	6
e973225651ad0e2576c309e78b0d66cf	0	79	33	0	0	0	6	0	4
10fd6922d57cfdb4c751469901e82c85	0	0	10	0	0	0	0	0	0
2835f782db71c30a486cfec13cd32a0e	0	0	0	0	53	25	0	0	0
af2e059e85fce34ed72f38b4d38d341c	53	25	41	0	7	0	0	8	5
8c4d4874aac62cbd4c37130efb0e8a9a	0	34	0	0	0	0	0	0	0
60e961278776cd9635925eee331f7c0c	0	0	0	0	1	0	0	0	0
2f8493f5ce6909b0121da4dd833e908a	0	0	0	0	0	0	0	0	34
ca34babbb8c49fd5c620d7187e2ea786	0	0	21	0	0	0	0	0	0
60c42e0d74ffcafec1ff5f25ad485f6c	0	0	0	0	0	0	74	50	43
ad723b12d9f4e680bc1c8cc9829bec78	0	0	0	0	0	0	0	0	13
1241009641f0d0325e7ecae0dc0827fb	0	0	0	0	0	0	4	0	0
c9c8347e752c8c49b1062ab8654af328	0	0	0	0	125	52	49	56	37
2109d0ba745230f3f6a0682381ff151a	0	0	0	0	75	13	13	8	0
b85b973e0a5878d82e76a4e510aa65c5	26	0	0	0	0	0	0	0	0
9d8777920562ea0c17846e963b3e9631	0	0	0	151	0	0	0	0	0
4804bf81cce515c85f01906256087392	0	0	0	0	14	0	0	0	36
1b49aa290721414c6f85361d4d5d24d4	0	0	0	0	17	0	13	15	10
0e43256777faa593680ecb53e574ae14	659	261	533	0	20	10	20	103	91
541fd025295142ce763abeeecf0be3fe	0	0	0	0	37	0	24	0	233
1797785098475f6f1699513f8c6c1900	0	0	0	0	470	144	24	23	65
6e66e5a33c88b717209a111b941874d9	0	0	0	0	21	0	120	86	54
9866c6b34c49c3b84fa58a0fde45b1ae	0	0	0	0	0	0	0	0	8
510f5387eeff0aa888d07a38253c50ea	0	16	0	0	0	0	0	0	0
d97eac20c65882ddf6a0c5c2b01c1473	0	0	0	0	41	13	22	16	55
e65cd03e9ed6484ac5d3bce489117ea0	0	0	0	0	0	0	0	4	0
91f21ca858779df153e1d2d20f29ac26	0	0	0	0	0	0	26	10	13
5d54be8bdadd81256b3a91d04c952576	25	0	0	0	0	0	0	0	0
66f7e6f941b89af412359835b95ff487	0	0	12	0	0	0	0	0	0
6d2487c1daa9dd9aff608f1b335705d0	0	13	0	0	0	0	0	0	0
8da9aede04a7a09e9816086b3aaf5877	0	0	0	0	0	0	0	0	10
2216ed2d677a82aee36f5ec46ef5911a	0	0	20	0	0	0	0	0	0
c607ca463908d557ed7f1bb817c7246f	0	0	0	0	0	0	0	0	95
4533505c567aa9d4eec802f42b0818c4	0	0	119	0	0	0	0	32	0
005ccbd0c2322d6d40ea893cbb5e8164	0	0	5	0	0	0	0	0	0
4e74e2a99da77e7dc5bb114af0d28c13	65	107	268	0	0	0	4	9	34
af83cefb749b95f4f81f6a188c18e9db	0	0	69	0	0	0	0	4	0
8881a2e2e4b4b89ee17f499feb586b7f	0	0	0	0	0	0	162	101	0
024a860529e1eea9b10e1f12fa6a0024	0	0	22	0	0	0	0	0	0
fc9615384f059ff5bf02bb3e47744e54	0	0	0	0	0	0	0	0	28
d31fdbf11595080cdb9519c594250aef	11	0	0	0	0	0	0	0	0
3d9200821e0d3133d22a60571794858a	0	0	0	0	0	0	0	8	0
cd2df209823dcc6081be6bdfbb2518e1	2622	0	0	0	0	0	0	0	0
1e1d5cda3a64454986669b3b64216a98	22	0	28	0	0	0	0	0	0
1095368a251dc3880e91650081c8885b	0	19	82	314	4294	538	8131	15428	5171
419c126c177f30785cc40be21a92bfde	0	0	0	0	0	0	27	38	38
0d0b0227d85fa5ed6bfe706e3cca094a	0	0	0	74	0	0	0	0	0
31d39763fa20bfe045368aab3d379e01	29	0	0	0	0	0	0	0	8
1a388f8788b8c261d76744710032a7cd	0	13	0	0	0	0	0	0	0
93a279a6f107991c4f28cee29d3646ae	0	0	0	0	0	0	0	0	5
bb649e9e1e3da37f1bf0afc79e43e362	0	0	0	0	471	0	319	63	3637
0ee3fd5b0ed7a3f38211189817afcdc0	421	368	689	0	0	5	39	15	40
0a9303fb954fea1ec28e4089d50256d1	0	9	0	0	175	0	76	4	920
3b2922b63b9c75120793b0253e6333d8	0	0	0	150	6674	2192	1885	1761	1888
6a10de8e56afe56561a287fb61cf65ab	0	0	0	0	0	0	0	0	51
5d670367b4077c185ccd763d0f6d09b9	0	0	0	0	70	0	135	88	194
5f303d5361eaea06168f2dd3aae55a2f	593	600	613	0	20	0	37	54	27
d26b1651ab87a67cd77dc97bcbcd6d1d	0	7	0	0	0	0	0	0	0
a88d464e2dc119f35da36a92a9feb102	28	23	131	0	6	0	0	11	3
13cd4fa0b3eb58c10937d1221431e10c	0	0	0	0	80	0	60	6	460
e0cc6a95596c1068ec99eb67cea8d93e	32	47	235	0	166	58	3471	3477	4355
3e9ab733a7f72aac7221b18d730a800b	0	0	0	0	0	0	132	90	98
2cf4410805abb5eb2fb6513319980f12	0	0	0	0	0	0	0	0	6
edbeb6ba6c7d095f151f04accbf3f150	0	0	29	0	0	0	0	0	0
7acd8c589916a324e13cf36b9fa13258	0	0	0	0	21	0	6	11	16
d5df3a0c9761597ff037fdb63a3d2256	0	0	36	0	0	0	0	0	0
b26afed2d5043d09abf28dcbf076501d	0	0	17	0	0	0	0	0	0
65c4ab40c938a1e136d8d07af93446c3	0	0	42	0	134	29	6873	5095	3630
c1ee3b99857bd895ff150a3f50d1383c	0	0	141	0	0	0	0	0	0
8fb7c34e9774e0623654d0d5b37d51f7	0	0	0	0	175	107	524	683	260
53818a706e38c1584f139d2f90fbd8df	0	0	78	0	0	0	0	0	4
00b07986d54191a2e7b6fcc947c0a2de	0	0	0	0	0	0	0	7	0
3a22c531e42add48863d888c0c48af7a	0	6	0	0	0	0	0	0	0
6a5bdc73804370adfac1132ca1741ae2	0	0	16	0	0	0	0	0	0
538157253bd91529f6bde027a6c6bf10	0	0	0	41	0	0	0	0	0
08da88cfc658fe0b3b360a213243a747	0	26	26	0	0	0	0	0	0
776efd134fbd3c5003ca7df18b7480e8	0	0	7	0	0	0	0	0	0
d9e2d4bd4bdacdcf4416690835ddab16	0	0	0	0	0	0	65	65	56
962a8d918df0a908fc5eb7dd49712ae7	0	0	0	0	6	0	0	0	51
3479f52c231cb79e9a2228e11f7fc981	0	0	0	0	0	0	0	0	6
5366875428f03a7d4404c7a72781d292	0	0	0	0	10	0	10	13	9
9da0792d84ca0d713bfae0941f4d46d1	26	0	0	291	0	0	0	0	0
469c78d004552c6c040ddae4b7c06941	0	0	0	0	0	0	0	6	0
d30d22ff411d09e25c083d0cb2100ad9	0	23	0	0	0	0	0	0	0
6ac762d66c0046746a57c9ec0eb02e29	0	0	0	0	8	0	0	2	33
5077fc425f625ebd864ae70bd34a2639	0	0	0	0	0	0	18	0	0
9e551a3e2462031c72a19fb96008ba7f	47	0	0	0	0	0	0	0	0
daf49e744afef856d43dd68ab1c77597	0	0	0	0	47	22	47	47	41
fc942bcc049c30592c9674bcd32ed3a9	0	0	0	0	0	0	0	0	38
0a6717aa74c45780487b407128fb331f	14	58	0	0	0	0	0	4	0
91a1a528973ddafd7afffb2bb7c8063c	0	0	54	0	0	0	0	0	0
3279542fb9c75a46df4a17f32bc11315	0	0	0	0	322	81	0	24	14
7039199873c3aa412c9375cc67833f9f	823	646	3404	2491	11	10	117	142	158
473bef56fb8b26f440a414b537dfebcb	0	34	0	0	0	0	0	0	0
a720841c0bdee4f4391c1424186a151a	0	0	0	0	0	0	0	0	24
79fe3108b70b976aba35b69c122919e0	0	0	38	0	0	0	0	0	0
e5b9b61c4aa5e6678257e39d9701737f	0	0	14	0	0	0	0	0	0
2045304c402ab34200f95a8da51c5ef2	0	21	0	0	0	0	0	0	0
90d0d1a65bdb9d3cc534048cb95d52ff	0	0	29	0	0	0	0	0	0
5c94f6d4e6923351ee01090a780ac745	0	0	0	0	8	0	5	26	10
a65dd02e485836751bf53842fe74dfb2	0	12	0	295	0	0	0	0	0
a9f2aa6f5d0b5633f4c184d09d385216	0	0	0	0	15	0	27	61	61
5fd31ff146ae0889f19a3bf52a33429c	609	440	582	4928	37	8	16	68	50
d74811064b8cb6dc121d37ba12ef887b	0	0	0	0	0	0	0	0	31
23b13e05f9cfd70cce8451488e4e7f36	4318	5132	4412	256	689	9	175	712	957
9d1ae318ad975e9ab78fb8cfb4721c96	0	0	0	0	0	0	24	26	59
22404c2ffeb0eb07b367869f2986642d	0	0	0	0	141	56	411	253	159
05d3847f98527515d0c7b59ba5cf485e	0	0	58	0	0	0	0	0	0
388a5de446d1f3bdd1d060f19aa13558	0	0	5	0	0	0	0	0	0
debec58dad145fc8370e179e66e479b4	0	0	28	0	0	0	0	0	8
9575ad11d3229ca85dd0d6172c82aec7	0	0	0	0	2696	712	154	180	288
9238ce13e0e4139f8a4372880e536bc8	15	32	63	0	0	0	0	0	0
2d17e9a75e87ba47fbf222088cdc77dd	0	0	108	0	0	0	0	0	0
f66b97c7b2fd1d146dc9b4779e64b225	4	0	0	0	0	0	0	0	0
e21a28579ae4ee97526c7706cfd391ef	0	0	0	0	26	0	2355	1997	1362
e9e36d6f026cedd6f6f5b23acc5cc0f0	0	0	0	0	0	0	14	0	30
511742440dc573272f2491598f5855c0	25	21	22	0	0	0	0	2	0
7988502255ef377dd19415d62854f6fe	15	0	0	0	0	0	0	0	0
589f16bb11017358b8fce0b30ff6b4e1	161	299	101	0	34	0	11	16	31
3e5f55cd87a83bb597418d70c74c4284	0	0	0	0	0	0	0	169	0
f0b2ec4cbb1ab053cc0734bf2db8d70d	0	0	0	0	2	0	0	0	0
046c39287b7b0bd4d26e801bcb78e8da	0	0	22	172	0	0	0	0	0
71cc53271ec81500ca9db9be6cc8828c	0	0	0	0	0	0	0	0	47
e4845c51e9eeaffd7c4b9e6f73031765	0	33	0	0	0	0	0	0	0
3602956f6d798ebbfc8ddcdb30be49e4	0	0	0	0	0	0	0	0	205
06d15403c97b1c314b019c93de47e5b8	0	1	0	0	13	0	0	4	15
c35491025121b7cc2bfd19bca6d64472	19	0	0	0	0	0	0	0	0
4b5a0888230a2f16586b9ef51b73ebcf	157	0	170	0	0	0	20	23	14
0d34f2872b6566dd1ad53f96cd54428f	0	0	0	0	1	0	0	0	0
d9804fb0b98b54bd805f2282471fec4d	0	0	22	0	0	0	0	0	0
52c54e44d7100287f247fd8f2d363de0	0	0	0	0	0	0	0	0	19
0c6c03b98f65e24156c2c5ea74c4a859	0	14	0	0	2	0	0	0	0
4690dce8ec1c2b8afccf1b22ceed1980	0	0	0	0	0	0	0	0	8
d9c7347863af37acf133417e9211b199	0	0	0	0	0	0	0	0	8
8e576c983ab304f2fed78c8f94cd96c5	0	159	84	0	0	0	20	0	0
8cb4ba49481e53416fcf78197018e186	0	0	0	0	0	0	12	0	0
de77bd1dacea07f55f850875a26e2c8a	0	67	87	0	0	0	0	0	13
e76bfeef0a22bfd6bcedd989b32e895e	0	27	0	0	0	0	0	0	0
13b246211ee01780953787e48bdb732b	0	0	0	0	1	0	0	0	0
e3c9fb8d8e882e9f6d98ff1d7c32f03f	36	8	110	0	0	0	0	0	22
a56c4091d2ed682c92d18c0b595229a3	0	0	0	0	0	0	2	0	0
409c4297b9e1d103aeb703e7f4cffa41	0	69	0	0	0	0	0	0	0
9567f9bb9a62a4c2dc5c4a65351fecf2	0	0	0	0	0	0	0	0	50
3a3e7e30b2ef4d018cb8524ebd9dc9c1	0	13	0	0	0	0	0	0	0
a230d1d4cba74c0da0709ad8b07a02ad	0	0	0	0	2	0	16	10	2
179db1be6a00d69e951a985f20ff6824	0	0	0	0	6	0	0	7	43
86820a07028919db0761fcdca0cdd8f0	0	0	54	0	0	0	0	0	0
30cca6d63dcf0c6d868c32998e3badf4	0	0	0	0	0	0	0	8	0
d2c5f3db0c5144fa28edff7db03c8f45	0	0	49	0	0	0	0	0	0
61d1f9225786f2ceebbbabe2ac29ae34	0	0	0	0	44	0	20	0	201
6cc036e114c9f3662d67e63192ba39f1	0	0	0	0	0	0	0	0	12
95d60b331c7a7d87840d14dcbe61377c	0	0	39	306	0	0	0	0	0
ad6c330604bc96cf8584868a627c8d18	0	0	0	0	85	0	72	26	558
c8a84e887636373024da8b588d389e6a	0	0	0	0	0	0	0	0	55
9216180f22e029361c221bdbb3532748	0	0	11	0	0	0	0	0	0
f21c3506d2d44fe21fb6c4efc0176dc2	19	7	15	0	0	0	0	0	0
1c51488f1b8cfda5b2789557d65eeab0	94	58	0	0	0	0	0	15	0
5f3313a256b6f08ce34897fdd5b2fd5c	33	0	86	0	27	11	10	0	0
e38a22fa1b6d18269bb95fea95b2a4ea	19	25	26	0	9	0	0	7	0
0605c370a5c1bfd1d8bbb91f2a3b0271	14	0	0	0	0	0	0	0	0
54ee21b49c924e03ffba8379ad8588a0	28	0	0	147	0	0	0	0	0
53e27656d9771af6fe821abd5f47e7c9	0	0	38	0	0	0	0	0	0
a940a45a95df2abea1049de94e712a87	37	85	0	0	0	0	0	0	0
f42e5e195c91f9dae60ecbf2822bab48	24	0	0	0	0	0	0	0	0
d91c65631052fb93b7b7d4abd4f538a6	0	0	41	0	0	0	0	0	43
7c252945732bfe71e4755ff54c044c69	0	0	0	0	119	34	940	743	565
18c6d4c298273836b7090b6f25db2cee	0	0	0	0	167	76	49	20	26
6f4d9a1bcd9ad21dd6200d32f396f4fd	0	0	0	0	4	0	768	802	568
f22a879b2553520615903b836282ef90	0	26	0	0	0	0	0	0	623
0890842fa030e00e79e9684cfedf615b	0	0	0	0	0	0	0	0	5
1297a95214686049589858b514356099	0	12	0	0	0	0	0	0	0
0cdb75247a1dcbb4f56c0ad3fcba38df	75	0	0	0	0	0	0	0	0
e593b957fb1f3f94d57c3fb0334aaddd	0	10	0	0	0	0	0	0	0
836ff04b0c808cbf3f1481f2b5bb317b	0	4	0	0	0	0	0	0	0
89c0701d2706d6eee53a0876ed3838cb	0	0	0	0	0	0	0	4	0
84305e17c6b86a304fd29054bd25ccdc	14	0	22	0	0	0	0	0	0
01ba86f03cd1e09a63489389ae577e3a	0	0	0	0	2	0	0	0	0
154d6026d3caca74ceed84f19a411cfd	0	44	42	0	0	0	0	9	0
b183484b27100c324a56d92bd2914788	5	0	16	0	13	0	20	0	5010
3ce4c2d620bd80da75f722b1d544da5c	0	0	19	0	0	0	0	0	0
cf406bbc35b2e50c3654e5f1617c8359	0	8	0	0	0	0	0	0	0
dcd71107a5da4c2e16c455acf22d235d	0	0	0	0	11	0	3	0	1
2ff53dfd250fb6b06d49e7e40ec379aa	0	0	11	0	0	0	0	0	0
53d7393432a289901ed7c5100c37fef7	0	0	0	0	72	11	701	767	504
9505092d98d1e5166609bc464d0d8cb6	0	129	0	0	0	0	0	0	0
9aa7a7c3db5744e46ee9eb4724ebe64d	0	0	0	0	0	0	0	0	8
cfa24c3e7ac416900b3c71b1327ae072	16	9	16	0	2	0	0	0	0
fb90eec41a7fe0c88f11a8e91b6e0b77	0	0	8	0	0	0	0	0	0
1dc51a54951c7a796f1998c81cfc86dd	0	0	0	129	0	0	0	0	0
6ad3d4b7c9ecbbae14157332012c3e94	32	0	0	0	0	0	0	0	0
a3724bba472944a05559fab454ef0758	0	5	0	0	0	0	0	0	0
77de32472d907f59edbc7739914d24fe	0	0	0	0	58	19	78	48	52